Metric,Value
design__lint_error__count,0
design__lint_timing_construct__count,0
design__lint_warning__count,37
design__inferred_latch__count,0
design__instance__count,72661
design__instance__area,1.18659E+6
design__instance_unmapped__count,0
synthesis__check_error__count,0
design__max_slew_violation__count__corner:nom_fast_1p32V_m40C,517
design__max_fanout_violation__count__corner:nom_fast_1p32V_m40C,512
design__max_cap_violation__count__corner:nom_fast_1p32V_m40C,43
power__internal__total,0.011531065218150616
power__switching__total,0.0034484730567783117
power__leakage__total,0.000028133910745964386
power__total,0.01500767283141613
clock__skew__worst_hold__corner:nom_fast_1p32V_m40C,-0.39898743771509876
clock__skew__worst_setup__corner:nom_fast_1p32V_m40C,0.46134383730169615
timing__hold__ws__corner:nom_fast_1p32V_m40C,0.03254696604349477
timing__setup__ws__corner:nom_fast_1p32V_m40C,0.7080913833479198
timing__hold__tns__corner:nom_fast_1p32V_m40C,0.0
timing__setup__tns__corner:nom_fast_1p32V_m40C,0.0
timing__hold__wns__corner:nom_fast_1p32V_m40C,0
timing__setup__wns__corner:nom_fast_1p32V_m40C,0.0
timing__hold_vio__count__corner:nom_fast_1p32V_m40C,0
timing__hold_r2r__ws__corner:nom_fast_1p32V_m40C,0.032547
timing__hold_r2r_vio__count__corner:nom_fast_1p32V_m40C,0
timing__setup_vio__count__corner:nom_fast_1p32V_m40C,0
timing__setup_r2r__ws__corner:nom_fast_1p32V_m40C,2.432001
timing__setup_r2r_vio__count__corner:nom_fast_1p32V_m40C,0
design__max_slew_violation__count__corner:nom_slow_1p08V_125C,5751
design__max_fanout_violation__count__corner:nom_slow_1p08V_125C,512
design__max_cap_violation__count__corner:nom_slow_1p08V_125C,42
clock__skew__worst_hold__corner:nom_slow_1p08V_125C,-0.457163625451153
clock__skew__worst_setup__corner:nom_slow_1p08V_125C,0.5474748587213406
timing__hold__ws__corner:nom_slow_1p08V_125C,0.4602279798636624
timing__setup__ws__corner:nom_slow_1p08V_125C,-5.884537468307295
timing__hold__tns__corner:nom_slow_1p08V_125C,0.0
timing__setup__tns__corner:nom_slow_1p08V_125C,-1777.960897277833
timing__hold__wns__corner:nom_slow_1p08V_125C,0
timing__setup__wns__corner:nom_slow_1p08V_125C,-5.884537468307295
timing__hold_vio__count__corner:nom_slow_1p08V_125C,0
timing__hold_r2r__ws__corner:nom_slow_1p08V_125C,0.460228
timing__hold_r2r_vio__count__corner:nom_slow_1p08V_125C,0
timing__setup_vio__count__corner:nom_slow_1p08V_125C,774
timing__setup_r2r__ws__corner:nom_slow_1p08V_125C,-5.884538
timing__setup_r2r_vio__count__corner:nom_slow_1p08V_125C,772
design__max_slew_violation__count__corner:nom_typ_1p20V_25C,1752
design__max_fanout_violation__count__corner:nom_typ_1p20V_25C,512
design__max_cap_violation__count__corner:nom_typ_1p20V_25C,42
clock__skew__worst_hold__corner:nom_typ_1p20V_25C,-0.4190155840900151
clock__skew__worst_setup__corner:nom_typ_1p20V_25C,0.4949059080408904
timing__hold__ws__corner:nom_typ_1p20V_25C,0.1876446828808823
timing__setup__ws__corner:nom_typ_1p20V_25C,0.053717032342685
timing__hold__tns__corner:nom_typ_1p20V_25C,0.0
timing__setup__tns__corner:nom_typ_1p20V_25C,0.0
timing__hold__wns__corner:nom_typ_1p20V_25C,0
timing__setup__wns__corner:nom_typ_1p20V_25C,0.0
timing__hold_vio__count__corner:nom_typ_1p20V_25C,0
timing__hold_r2r__ws__corner:nom_typ_1p20V_25C,0.187645
timing__hold_r2r_vio__count__corner:nom_typ_1p20V_25C,0
timing__setup_vio__count__corner:nom_typ_1p20V_25C,0
timing__setup_r2r__ws__corner:nom_typ_1p20V_25C,1.198079
timing__setup_r2r_vio__count__corner:nom_typ_1p20V_25C,0
design__max_slew_violation__count,5751
design__max_fanout_violation__count,512
design__max_cap_violation__count,43
clock__skew__worst_hold,-0.39898743771509876
clock__skew__worst_setup,0.46134383730169615
timing__hold__ws,0.03254696604349477
timing__setup__ws,-5.884537468307295
timing__hold__tns,0.0
timing__setup__tns,-1777.960897277833
timing__hold__wns,0
timing__setup__wns,-5.884537468307295
timing__hold_vio__count,0
timing__hold_r2r__ws,0.032547
timing__hold_r2r_vio__count,0
timing__setup_vio__count,774
timing__setup_r2r__ws,-5.884538
timing__setup_r2r_vio__count,772
design__die__bbox,0.0 0.0 1724.16 710.64
design__core__bbox,2.88 3.78 1721.28 706.86
design__io,45
design__die__area,1.22526E+6
design__core__area,1.20817E+6
design__instance__count__stdcell,30300
design__instance__area__stdcell,435703
design__instance__count__macros,10
design__instance__area__macros,396139
design__instance__count__padcells,0
design__instance__area__padcells,0
design__instance__count__cover,0
design__instance__area__cover,0
design__instance__utilization,0.688512
design__instance__utilization__stdcell,0.536558
design__rows,381
design__rows:CoreSite,381
design__sites,435653
design__sites:CoreSite,435653
design__instance__count__class:macro,10
design__instance__area__class:macro,396139
design__instance__count__class:buffer,42
design__instance__area__class:buffer,304.819
design__instance__count__class:inverter,1008
design__instance__area__class:inverter,5610.12
design__instance__count__class:sequential_cell,3481
design__instance__area__class:sequential_cell,152223
design__instance__count__class:multi_input_combinational_cell,18365
design__instance__area__class:multi_input_combinational_cell,187671
flow__warnings__count,1
flow__errors__count,0
flow__warnings__count:ODB-0220,3
flow__warnings__count:STA-1140,3
flow__warnings__type_count,1
flow__warnings__count:ORD-0039,1
flow__warnings__count:PSM-0038,1001
flow__warnings__count:PSM-0039,20
design__power_grid_violation__count__net:VGND,388966
design__power_grid_violation__count__net:VPWR,393818
design__power_grid_violation__count,782784
flow__warnings__count:GRT-0281,2
timing__drv__floating__nets,0
timing__drv__floating__pins,0
design__instance__displacement__total,4451.04
design__instance__displacement__mean,0.147
design__instance__displacement__max,30.24
route__wirelength__estimated,1.83998E+6
design__violations,0
design__instance__count__class:timing_repair_buffer,6552
design__instance__area__class:timing_repair_buffer,79904.4
design__instance__count__class:clock_buffer,276
design__instance__area__class:clock_buffer,6510.07
design__instance__count__class:clock_inverter,109
design__instance__area__class:clock_inverter,1014.25
design__instance__count__setup_buffer,173
design__instance__count__hold_buffer,4
flow__warnings__count:RSZ-0062,1
design__instance__count__class:antenna_cell,509
design__instance__area__class:antenna_cell,2770.59
global_route__vias,104
global_route__wirelength,3629260
flow__warnings__count:GRT-0115,2
flow__warnings__count:GRT-0273,14
antenna__violating__nets,0
antenna__violating__pins,0
route__antenna_violation__count,0
antenna_diodes_count,66
flow__warnings__count:EST-0026,1001
route__net,29995
route__net__special,2
route__drc_errors__iter:0,300
route__wirelength__iter:0,2421225
route__drc_errors__iter:1,66
route__wirelength__iter:1,2421122
route__drc_errors__iter:2,43
route__wirelength__iter:2,2421108
route__drc_errors__iter:3,2
route__wirelength__iter:3,2421049
route__drc_errors__iter:4,2
route__wirelength__iter:4,2421049
route__drc_errors__iter:5,0
route__wirelength__iter:5,2421053
route__drc_errors__iter:6,103
route__wirelength__iter:6,2421287
route__drc_errors__iter:7,80
route__wirelength__iter:7,2421245
route__drc_errors__iter:8,70
route__wirelength__iter:8,2421243
route__drc_errors__iter:9,70
route__wirelength__iter:9,2421243
route__drc_errors__iter:10,56
route__wirelength__iter:10,2421266
route__drc_errors__iter:11,41
route__wirelength__iter:11,2421253
route__drc_errors__iter:12,39
route__wirelength__iter:12,2421252
route__drc_errors__iter:13,39
route__wirelength__iter:13,2421252
route__drc_errors__iter:14,8
route__wirelength__iter:14,2421255
route__drc_errors__iter:15,5
route__wirelength__iter:15,2421255
route__drc_errors__iter:16,5
route__wirelength__iter:16,2421255
route__drc_errors__iter:17,19
route__wirelength__iter:17,2420996
route__drc_errors__iter:18,2
route__wirelength__iter:18,2421011
route__drc_errors__iter:19,2
route__wirelength__iter:19,2421011
route__drc_errors__iter:20,2
route__wirelength__iter:20,2421011
route__drc_errors__iter:21,0
route__wirelength__iter:21,2421061
route__drc_errors__iter:22,25
route__wirelength__iter:22,2426702
route__drc_errors__iter:23,25
route__wirelength__iter:23,2426702
route__drc_errors__iter:24,25
route__wirelength__iter:24,2426702
route__drc_errors__iter:25,25
route__wirelength__iter:25,2426702
route__drc_errors__iter:26,24
route__wirelength__iter:26,2426703
route__drc_errors__iter:27,24
route__wirelength__iter:27,2426704
route__drc_errors__iter:28,12
route__wirelength__iter:28,2426701
route__drc_errors__iter:29,12
route__wirelength__iter:29,2426701
route__drc_errors__iter:30,12
route__wirelength__iter:30,2426701
route__drc_errors__iter:31,12
route__wirelength__iter:31,2426701
route__drc_errors__iter:32,7
route__wirelength__iter:32,2426734
route__drc_errors__iter:33,7
route__wirelength__iter:33,2426734
route__drc_errors__iter:34,7
route__wirelength__iter:34,2426738
route__drc_errors__iter:35,4
route__wirelength__iter:35,2426836
route__drc_errors__iter:36,4
route__wirelength__iter:36,2426836
route__drc_errors__iter:37,4
route__wirelength__iter:37,2426836
route__drc_errors__iter:38,4
route__wirelength__iter:38,2426836
route__drc_errors__iter:39,4
route__wirelength__iter:39,2426838
route__drc_errors__iter:40,4
route__wirelength__iter:40,2426838
route__drc_errors__iter:41,4
route__wirelength__iter:41,2426838
route__drc_errors__iter:42,4
route__wirelength__iter:42,2426838
route__drc_errors__iter:43,4
route__wirelength__iter:43,2426838
route__drc_errors__iter:44,4
route__wirelength__iter:44,2426838
route__drc_errors__iter:45,4
route__wirelength__iter:45,2426838
route__drc_errors__iter:46,4
route__wirelength__iter:46,2426838
route__drc_errors__iter:49,4
route__wirelength__iter:49,2426838
route__drc_errors__iter:50,4
route__wirelength__iter:50,2426838
route__drc_errors__iter:51,4
route__wirelength__iter:51,2426838
route__drc_errors__iter:52,4
route__wirelength__iter:52,2426838
route__drc_errors__iter:53,0
route__wirelength__iter:53,2427057
route__drc_errors,0
route__wirelength,2421053
route__vias,274775
route__vias__singlecut,274775
route__vias__multicut,0
flow__warnings__count:DRT-0349,7
design__disconnected_pin__count,5
design__critical_disconnected_pin__count,0
route__wirelength__max,3828.52
design__instance__count__class:fill_cell,42351
design__instance__area__class:fill_cell,354746
timing__unannotated_net__count__corner:nom_fast_1p32V_m40C,155
timing__unannotated_net_filtered__count__corner:nom_fast_1p32V_m40C,0
timing__unannotated_net__count__corner:nom_slow_1p08V_125C,155
timing__unannotated_net_filtered__count__corner:nom_slow_1p08V_125C,0
timing__unannotated_net__count__corner:nom_typ_1p20V_25C,155
timing__unannotated_net_filtered__count__corner:nom_typ_1p20V_25C,0
timing__unannotated_net__count,155
timing__unannotated_net_filtered__count,0
design_powergrid__voltage__worst__net:VPWR__corner:nom_slow_1p08V_125C,1.19964
design_powergrid__drop__average__net:VPWR__corner:nom_slow_1p08V_125C,1.19996
design_powergrid__drop__worst__net:VPWR__corner:nom_slow_1p08V_125C,0.000360542
design_powergrid__voltage__worst__net:VGND__corner:nom_slow_1p08V_125C,0.00039365
design_powergrid__drop__average__net:VGND__corner:nom_slow_1p08V_125C,0.0000436208
design_powergrid__drop__worst__net:VGND__corner:nom_slow_1p08V_125C,0.00039365
flow__warnings__count:STA-1648,292
flow__warnings__count:STA-1650,1001
design_powergrid__voltage__worst,0.00039365
design_powergrid__voltage__worst__net:VPWR,1.19964
design_powergrid__drop__worst,0.00039365
design_powergrid__drop__worst__net:VPWR,0.000360542
design_powergrid__voltage__worst__net:VGND,0.00039365
design_powergrid__drop__worst__net:VGND,0.00039365
ir__voltage__worst,1.1999999999999999555910790149937383830547332763671875
ir__drop__avg,0.0000450000000000000028341044788771085904954816214740276336669921875
ir__drop__worst,0.00036099999999999999276967255212866803049109876155853271484375
klayout__drc_error__count,0
magic__illegal_overlap__count,71
design__lvs_device_difference__count,0
design__lvs_net_difference__count,0
design__lvs_property_fail__count,0
design__lvs_error__count,0
design__lvs_unmatched_device__count,0
design__lvs_unmatched_net__count,0
design__lvs_unmatched_pin__count,0
